Kecamatan,Tahun,Cerai Hidup,Cerai Mati,Total Cerai
KOTA SURABAYA,2023,44627,127337,171964
KARANG PILANG,2023,1148,3151,4299
KARANG PILANG,2023,122,365,487
KEBRAON,2023,458,1274,1732
KEDURUS,2023,433,1157,1590
WARU GUNUNG,2023,135,355,490
WONOCOLO,2023,1122,3576,4698
SIDOSERMO,2023,169,575,744
BENDUL MERISI,2023,228,768,996
MARGOREJO,2023,172,527,699
JEMUR WONOSARI,2023,299,950,1249
SIWALANKERTO,2023,254,756,1010
RUNGKUT,2023,1728,4553,6281
KALIRUNGKUT,2023,321,1043,1364
RUNGKUT KIDUL,2023,199,555,754
KEDUNG BARUK,2023,216,656,872
PENJARINGANSARI,2023,308,742,1050
WONOREJO,2023,270,602,872
MEDOKAN AYU,2023,414,955,1369
WONOKROMO,2023,2698,7726,10424
WONOKROMO,2023,638,1904,2542
JAGIR,2023,340,1049,1389
NGAGEL,2023,236,593,829
NGAGEL REJO,2023,734,2130,2864
DARMO,2023,300,756,1056
SAWUNGGALING,2023,450,1294,1744
TEGALSARI,2023,1563,5114,6677
TEGALSARI,2023,298,909,1207
DR. SOETOMO,2023,272,812,1084
KEDUNGDORO,2023,391,1213,1604
KEPUTRAN,2023,234,807,1041
WONOREJO,2023,368,1373,1741
SAWAHAN,2023,3305,9561,12866
PETEMON,2023,522,1813,2335
SAWAHAN,2023,315,968,1283
BANYU URIP,2023,641,1868,2509
PUTAT JAYA,2023,823,2106,2929
KUPANG KRAJAN,2023,389,1116,1505
PAKIS,2023,615,1690,2305
GENTENG,2023,893,3017,3910
EMBONG KALIASIN,2023,167,605,772
GENTENG,2023,137,421,558
KAPASARI,2023,262,821,1083
KETABANG,2023,124,384,508
PENELEH,2023,203,786,989
GUBENG,2023,2224,6923,9147
GUBENG,2023,231,734,965
MOJO,2023,724,2214,2938
AIRLANGGA,2023,340,1109,1449
KERTAJAYA,2023,440,1263,1703
BARATAJAYA,2023,236,887,1123
PUCANG SEWU,2023,253,716,969
SUKOLILO,2023,1870,4154,6024
KEPUTIH,2023,280,612,892
GEBANG PUTIH,2023,98,268,366
KLAMPIS NGASEM,2023,275,635,910
MENUR PUMPUNGAN,2023,299,695,994
NGINDEN JANGKUNGAN,2023,269,594,863
SEMOLOWARU,2023,315,697,1012
MEDOKAN SEMAMPIR,2023,334,653,987
TAMBAKSARI,2023,3770,10053,13823
TAMBAKSARI,2023,360,915,1275
PLOSO,2023,547,1596,2143
GADING,2023,523,1291,1814
PACARKEMBANG,2023,758,1842,2600
RANGKAH,2023,276,863,1139
PACARKELING,2023,411,1146,1557
KAPASMADYA BARU,2023,566,1607,2173
DUKUH SETRO,2023,329,793,1122
SIMOKERTO,2023,1204,4411,5615
SIMOKERTO,2023,309,1104,1413
KAPASAN,2023,207,693,900
SIDODADI,2023,201,748,949
SIMOLAWANG,2023,225,947,1172
TAMBAKREJO,2023,262,919,1181
PABEAN CANTIAN,2023,1117,3662,4779
BONGKARAN,2023,172,551,723
NYAMPLUNGAN,2023,143,412,555
KREMBANGAN UTARA,2023,213,821,1034
TANJUNG PERAK,2023,589,1878,2467
BUBUTAN,2023,1387,4880,6267
ALUN-ALUN CONTONG,2023,89,349,438
BUBUTAN,2023,182,705,887
GUNDIH,2023,399,1235,1634
JEPARA,2023,353,1164,1517
TEMBOK DUKUH,2023,364,1427,1791
TANDES,2023,1437,4188,5625
TANDES,2023,150,403,553
KARANG POH,2023,243,532,775
BALONGSARI,2023,163,452,615
MANUKAN KULON,2023,557,1857,2414
MANUKAN WETAN,2023,157,410,567
BANJAR SUGIHAN,2023,167,534,701
KREMBANGAN,2023,1948,4911,6859
KREMBANGAN SELATAN,2023,259,604,863
KEMAYORAN,2023,371,806,1177
PERAK BARAT,2023,242,716,958
DUPAK,2023,424,1013,1437
MOROKREMBANGAN,2023,652,1772,2424
SEMAMPIR,2023,2084,7209,9293
AMPEL,2023,257,860,1117
PEGIRIAN,2023,367,1187,1554
WONOKUSUMO,2023,785,2674,3459
UJUNG,2023,298,1192,1490
SIDOTOPO,2023,377,1296,1673
KENJERAN,2023,2080,5981,8061
TANAH KALI KEDINDING,2023,758,2092,2850
SIDOTOPO WETAN,2023,743,2230,2973
BULAK BANTENG,2023,371,1064,1435
TAMBAK WEDI,2023,208,595,803
LAKARSANTRI,2023,911,2111,3022
BANGKINGAN,2023,107,326,433
JERUK,2023,139,296,435
LAKARSANTRI,2023,116,304,420
LIDAH KULON,2023,285,604,889
LIDAH WETAN,2023,180,392,572
SUMURWELUT,2023,84,189,273
BENOWO,2023,964,2584,3548
KANDANGAN,2023,354,886,1240
SEMEMI,2023,540,1415,1955
TAMBAK OSO WILANGUN,2023,41,156,197
ROMOKALISARI,2023,29,127,156
WIYUNG,2023,1089,2611,3700
WIYUNG,2023,299,659,958
JAJAR TUNGGAL,2023,172,488,660
BABATAN,2023,421,977,1398
BALAS KLUMPRIK,2023,197,487,684
DUKUH PAKIS,2023,978,2498,3476
DUKUH PAKIS,2023,257,613,870
DUKUH KUPANG,2023,257,693,950
GUNUNG SARI,2023,218,635,853
PRADAH KALIKENDAL,2023,246,557,803
GAYUNGAN,2023,653,1914,2567
GAYUNGAN,2023,167,448,615
MENANGGAL,2023,154,428,582
DUKUH MENANGGAL,2023,128,384,512
KETINTANG,2023,204,654,858
JAMBANGAN,2023,841,2175,3016
JAMBANGAN,2023,182,455,637
KARAH,2023,231,679,910
KEBONSARI,2023,183,436,619
PAGESANGAN,2023,245,605,850
TENGGILIS MEJOYO,2023,866,2512,3378
KUTISARI,2023,271,817,1088
KENDANGSARI,2023,212,660,872
TENGILIS MEJOYO,2023,173,492,665
PANJANG JIWO,2023,210,543,753
GUNUNG ANYAR,2023,843,2297,3140
GUNUNG ANYAR,2023,325,786,1111
RUNGKUT TENGAH,2023,170,518,688
RUNGKUT MENANGGAL,2023,173,627,800
GUNUNG ANYAR TAMBAK,2023,175,366,541
MULYOREJO,2023,1416,3333,4749
MULYOREJO,2023,274,667,941
MANYAR SABRANGAN,2023,282,718,1000
KEJAWAAN PUTIH TAMBAK,2023,106,209,315
KALISARI,2023,278,608,886
DUKUH SUTOREJO,2023,254,615,869
KALIJUDAN,2023,222,516,738
SUKOMANUNGGAL,2023,1517,4323,5840
SUKOMANUNGGAL,2023,168,421,589
TANJUNGSARI,2023,164,486,650
SONOKWIJENAN,2023,135,339,474
PUTAT GEDE,2023,124,276,400
SIMOMULYO,2023,364,1083,1447
SIMOMULYO BARU,2023,562,1718,2280
ASEM ROWO,2023,606,1705,2311
ASEM ROWO,2023,396,1118,1514
GENTING KALIANAK,2023,126,278,404
TAMBAK SARIOSO,2023,84,309,393
BULAK,2023,669,1754,2423
KEDUNG COWEK,2023,65,237,302
KENJERAN,2023,135,247,382
BULAK,2023,337,785,1122
SUKOLILO BARU,2023,132,485,617
PAKAL,2023,786,2078,2864
PAKAL,2023,154,347,501
BABAT JERAWAT,2023,333,885,1218
SUMBER REJO,2023,179,428,607
BENOWO,2023,120,418,538
SAMBIKEREP,2023,910,2372,3282
SAMBIKEREP,2023,290,769,1059
MADE,2023,109,305,414
BERINGIN,2023,80,201,281
LONTAR,2023,431,1097,1528
KOTA SURABAYA,2024,43690,130141,173831
KARANG PILANG,2024,1134,3215,4349
KARANG PILANG,2024,123,354,477
KEBRAON,2024,451,1312,1763
KEDURUS,2024,431,1187,1618
WARU GUNUNG,2024,129,362,491
WONOCOLO,2024,1100,3622,4722
SIDOSERMO,2024,173,594,767
BENDUL MERISI,2024,222,775,997
MARGOREJO,2024,164,524,688
JEMUR WONOSARI,2024,295,956,1251
SIWALANKERTO,2024,246,773,1019
RUNGKUT,2024,1738,4694,6432
KALIRUNGKUT,2024,322,1047,1369
RUNGKUT KIDUL,2024,200,568,768
KEDUNG BARUK,2024,212,672,884
PENJARINGANSARI,2024,301,770,1071
WONOREJO,2024,272,619,891
MEDOKAN AYU,2024,431,1018,1449
WONOKROMO,2024,2663,7850,10513
WONOKROMO,2024,632,1940,2572
JAGIR,2024,345,1063,1408
NGAGEL,2024,230,590,820
NGAGEL REJO,2024,716,2146,2862
DARMO,2024,298,783,1081
SAWUNGGALING,2024,442,1328,1770
TEGALSARI,2024,1527,5153,6680
TEGALSARI,2024,286,909,1195
DR. SOETOMO,2024,264,817,1081
KEDUNGDORO,2024,384,1220,1604
KEPUTRAN,2024,226,803,1029
WONOREJO,2024,367,1404,1771
SAWAHAN,2024,3230,9707,12937
PETEMON,2024,511,1854,2365
SAWAHAN,2024,316,966,1282
BANYU URIP,2024,618,1897,2515
PUTAT JAYA,2024,813,2152,2965
KUPANG KRAJAN,2024,368,1130,1498
PAKIS,2024,604,1708,2312
GENTENG,2024,886,2992,3878
EMBONG KALIASIN,2024,171,604,775
GENTENG,2024,139,405,544
KAPASARI,2024,255,825,1080
KETABANG,2024,118,378,496
PENELEH,2024,203,780,983
GUBENG,2024,2141,6976,9117
GUBENG,2024,221,720,941
MOJO,2024,699,2249,2948
AIRLANGGA,2024,330,1122,1452
KERTAJAYA,2024,418,1272,1690
BARATAJAYA,2024,232,879,1111
PUCANG SEWU,2024,241,734,975
SUKOLILO,2024,1806,4307,6113
KEPUTIH,2024,290,649,939
GEBANG PUTIH,2024,95,272,367
KLAMPIS NGASEM,2024,264,641,905
MENUR PUMPUNGAN,2024,281,715,996
NGINDEN JANGKUNGAN,2024,249,616,865
SEMOLOWARU,2024,303,723,1026
MEDOKAN SEMAMPIR,2024,324,691,1015
TAMBAKSARI,2024,3652,10305,13957
TAMBAKSARI,2024,336,919,1255
PLOSO,2024,532,1645,2177
GADING,2024,517,1331,1848
PACARKEMBANG,2024,740,1909,2649
RANGKAH,2024,270,875,1145
PACARKELING,2024,396,1153,1549
KAPASMADYA BARU,2024,545,1660,2205
DUKUH SETRO,2024,316,813,1129
SIMOKERTO,2024,1169,4448,5617
SIMOKERTO,2024,284,1088,1372
KAPASAN,2024,200,730,930
SIDODADI,2024,205,756,961
SIMOLAWANG,2024,226,945,1171
TAMBAKREJO,2024,254,929,1183
PABEAN CANTIAN,2024,1093,3673,4766
BONGKARAN,2024,165,560,725
NYAMPLUNGAN,2024,148,412,560
KREMBANGAN UTARA,2024,210,811,1021
TANJUNG PERAK,2024,570,1890,2460
BUBUTAN,2024,1368,4911,6279
ALUN-ALUN CONTONG,2024,85,348,433
BUBUTAN,2024,173,712,885
GUNDIH,2024,397,1239,1636
JEPARA,2024,351,1186,1537
TEMBOK DUKUH,2024,362,1426,1788
TANDES,2024,1397,4316,5713
TANDES,2024,141,411,552
KARANG POH,2024,241,558,799
BALONGSARI,2024,154,461,615
MANUKAN KULON,2024,546,1923,2469
MANUKAN WETAN,2024,153,424,577
BANJAR SUGIHAN,2024,162,539,701
KREMBANGAN,2024,1857,4962,6819
KREMBANGAN SELATAN,2024,247,621,868
KEMAYORAN,2024,358,822,1180
PERAK BARAT,2024,222,703,925
DUPAK,2024,391,1003,1394
MOROKREMBANGAN,2024,639,1813,2452
SEMAMPIR,2024,2038,7424,9462
AMPEL,2024,259,883,1142
PEGIRIAN,2024,349,1224,1573
WONOKUSUMO,2024,779,2747,3526
UJUNG,2024,287,1225,1512
SIDOTOPO,2024,364,1345,1709
KENJERAN,2024,2036,6285,8321
TANAH KALI KEDINDING,2024,742,2184,2926
SIDOTOPO WETAN,2024,727,2329,3056
BULAK BANTENG,2024,368,1131,1499
TAMBAK WEDI,2024,199,641,840
LAKARSANTRI,2024,899,2177,3076
BANGKINGAN,2024,105,331,436
JERUK,2024,135,311,446
LAKARSANTRI,2024,116,313,429
LIDAH KULON,2024,279,623,902
LIDAH WETAN,2024,178,405,583
SUMURWELUT,2024,86,194,280
BENOWO,2024,964,2659,3623
KANDANGAN,2024,342,923,1265
SEMEMI,2024,556,1446,2002
TAMBAK OSO WILANGUN,2024,40,159,199
ROMOKALISARI,2024,26,131,157
WIYUNG,2024,1092,2690,3782
WIYUNG,2024,297,678,975
JAJAR TUNGGAL,2024,161,495,656
BABATAN,2024,437,1010,1447
BALAS KLUMPRIK,2024,197,507,704
DUKUH PAKIS,2024,978,2551,3529
DUKUH PAKIS,2024,242,625,867
DUKUH KUPANG,2024,257,697,954
GUNUNG SARI,2024,223,639,862
PRADAH KALIKENDAL,2024,256,590,846
GAYUNGAN,2024,636,1937,2573
GAYUNGAN,2024,169,458,627
MENANGGAL,2024,149,434,583
DUKUH MENANGGAL,2024,122,394,516
KETINTANG,2024,196,651,847
JAMBANGAN,2024,795,2213,3008
JAMBANGAN,2024,174,451,625
KARAH,2024,219,688,907
KEBONSARI,2024,168,447,615
PAGESANGAN,2024,234,627,861
TENGGILIS MEJOYO,2024,875,2564,3439
KUTISARI,2024,272,826,1098
KENDANGSARI,2024,217,671,888
TENGILIS MEJOYO,2024,172,497,669
PANJANG JIWO,2024,214,570,784
GUNUNG ANYAR,2024,834,2387,3221
GUNUNG ANYAR,2024,327,831,1158
RUNGKUT TENGAH,2024,163,527,690
RUNGKUT MENANGGAL,2024,172,634,806
GUNUNG ANYAR TAMBAK,2024,172,395,567
MULYOREJO,2024,1383,3499,4882
MULYOREJO,2024,260,696,956
MANYAR SABRANGAN,2024,274,748,1022
KEJAWAAN PUTIH TAMBAK,2024,107,224,331
KALISARI,2024,282,639,921
DUKUH SUTOREJO,2024,244,647,891
KALIJUDAN,2024,216,545,761
SUKOMANUNGGAL,2024,1474,4433,5907
SUKOMANUNGGAL,2024,173,437,610
TANJUNGSARI,2024,162,491,653
SONOKWIJENAN,2024,125,341,466
PUTAT GEDE,2024,109,289,398
SIMOMULYO,2024,354,1105,1459
SIMOMULYO BARU,2024,551,1770,2321
ASEM ROWO,2024,573,1761,2334
ASEM ROWO,2024,371,1162,1533
GENTING KALIANAK,2024,120,290,410
TAMBAK SARIOSO,2024,82,309,391
BULAK,2024,657,1806,2463
KEDUNG COWEK,2024,67,242,309
KENJERAN,2024,131,256,387
BULAK,2024,333,814,1147
SUKOLILO BARU,2024,126,494,620
PAKAL,2024,791,2176,2967
PAKAL,2024,150,368,518
BABAT JERAWAT,2024,346,934,1280
SUMBER REJO,2024,175,452,627
BENOWO,2024,120,422,542
SAMBIKEREP,2024,904,2448,3352
SAMBIKEREP,2024,279,792,1071
MADE,2024,107,316,423
BERINGIN,2024,79,203,282
LONTAR,2024,439,1137,1576
KOTA SURABAYA,2025,42785,133215,176000
KARANG PILANG,2025,1126,3312,4438
KARANG PILANG,2025,117,362,479
KEBRAON,2025,451,1345,1796
KEDURUS,2025,426,1226,1652
WARU GUNUNG,2025,132,379,511
WONOCOLO,2025,1082,3722,4804
SIDOSERMO,2025,161,607,768
BENDUL MERISI,2025,219,791,1010
MARGOREJO,2025,163,536,699
JEMUR WONOSARI,2025,301,993,1294
SIWALANKERTO,2025,238,795,1033
RUNGKUT,2025,1711,4818,6529
KALIRUNGKUT,2025,313,1088,1401
RUNGKUT KIDUL,2025,200,582,782
KEDUNG BARUK,2025,198,668,866
PENJARINGANSARI,2025,292,778,1070
WONOREJO,2025,280,643,923
MEDOKAN AYU,2025,428,1059,1487
WONOKROMO,2025,2579,7930,10509
WONOKROMO,2025,605,1956,2561
JAGIR,2025,342,1081,1423
NGAGEL,2025,223,590,813
NGAGEL REJO,2025,685,2184,2869
DARMO,2025,288,786,1074
SAWUNGGALING,2025,436,1333,1769
TEGALSARI,2025,1503,5235,6738
TEGALSARI,2025,285,912,1197
DR. SOETOMO,2025,265,838,1103
KEDUNGDORO,2025,378,1252,1630
KEPUTRAN,2025,218,813,1031
WONOREJO,2025,357,1420,1777
SAWAHAN,2025,3165,9840,13005
PETEMON,2025,488,1893,2381
SAWAHAN,2025,309,985,1294
BANYU URIP,2025,609,1931,2540
PUTAT JAYA,2025,790,2183,2973
KUPANG KRAJAN,2025,376,1140,1516
PAKIS,2025,593,1708,2301
GENTENG,2025,892,3017,3909
EMBONG KALIASIN,2025,170,605,775
GENTENG,2025,135,406,541
KAPASARI,2025,258,839,1097
KETABANG,2025,123,377,500
PENELEH,2025,206,790,996
GUBENG,2025,2083,7020,9103
GUBENG,2025,207,719,926
MOJO,2025,676,2282,2958
AIRLANGGA,2025,322,1115,1437
KERTAJAYA,2025,409,1268,1677
BARATAJAYA,2025,236,887,1123
PUCANG SEWU,2025,233,749,982
SUKOLILO,2025,1783,4464,6247
KEPUTIH,2025,289,682,971
GEBANG PUTIH,2025,90,283,373
KLAMPIS NGASEM,2025,263,664,927
MENUR PUMPUNGAN,2025,274,736,1010
NGINDEN JANGKUNGAN,2025,249,632,881
SEMOLOWARU,2025,298,754,1052
MEDOKAN SEMAMPIR,2025,320,713,1033
TAMBAKSARI,2025,3562,10598,14160
TAMBAKSARI,2025,333,925,1258
PLOSO,2025,519,1687,2206
GADING,2025,501,1371,1872
PACARKEMBANG,2025,713,1972,2685
RANGKAH,2025,266,874,1140
PACARKELING,2025,380,1184,1564
KAPASMADYA BARU,2025,531,1724,2255
DUKUH SETRO,2025,319,861,1180
SIMOKERTO,2025,1153,4508,5661
SIMOKERTO,2025,271,1109,1380
KAPASAN,2025,198,745,943
SIDODADI,2025,207,756,963
SIMOLAWANG,2025,225,949,1174
TAMBAKREJO,2025,252,949,1201
PABEAN CANTIAN,2025,1063,3710,4773
BONGKARAN,2025,163,569,732
NYAMPLUNGAN,2025,143,414,557
KREMBANGAN UTARA,2025,204,819,1023
TANJUNG PERAK,2025,553,1908,2461
BUBUTAN,2025,1343,4958,6301
ALUN-ALUN CONTONG,2025,75,346,421
BUBUTAN,2025,168,714,882
GUNDIH,2025,398,1278,1676
JEPARA,2025,344,1192,1536
TEMBOK DUKUH,2025,358,1428,1786
TANDES,2025,1359,4387,5746
TANDES,2025,138,430,568
KARANG POH,2025,232,582,814
BALONGSARI,2025,151,464,615
MANUKAN KULON,2025,535,1918,2453
MANUKAN WETAN,2025,150,442,592
BANJAR SUGIHAN,2025,153,551,704
KREMBANGAN,2025,1802,5079,6881
KREMBANGAN SELATAN,2025,237,633,870
KEMAYORAN,2025,344,847,1191
PERAK BARAT,2025,215,706,921
DUPAK,2025,380,1035,1415
MOROKREMBANGAN,2025,626,1858,2484
SEMAMPIR,2025,2008,7606,9614
AMPEL,2025,255,907,1162
PEGIRIAN,2025,339,1247,1586
WONOKUSUMO,2025,776,2822,3598
UJUNG,2025,276,1244,1520
SIDOTOPO,2025,362,1386,1748
KENJERAN,2025,2000,6577,8577
TANAH KALI KEDINDING,2025,746,2303,3049
SIDOTOPO WETAN,2025,694,2393,3087
BULAK BANTENG,2025,362,1205,1567
TAMBAK WEDI,2025,198,676,874
LAKARSANTRI,2025,897,2248,3145
BANGKINGAN,2025,107,331,438
JERUK,2025,133,308,441
LAKARSANTRI,2025,121,319,440
LIDAH KULON,2025,277,653,930
LIDAH WETAN,2025,175,426,601
SUMURWELUT,2025,84,211,295
BENOWO,2025,947,2760,3707
KANDANGAN,2025,330,952,1282
SEMEMI,2025,552,1512,2064
TAMBAK OSO WILANGUN,2025,41,156,197
ROMOKALISARI,2025,24,140,164
WIYUNG,2025,1079,2794,3873
WIYUNG,2025,293,691,984
JAJAR TUNGGAL,2025,160,509,669
BABATAN,2025,431,1053,1484
BALAS KLUMPRIK,2025,195,541,736
DUKUH PAKIS,2025,933,2616,3549
DUKUH PAKIS,2025,230,645,875
DUKUH KUPANG,2025,248,710,958
GUNUNG SARI,2025,212,656,868
PRADAH KALIKENDAL,2025,243,605,848
GAYUNGAN,2025,630,1974,2604
GAYUNGAN,2025,168,478,646
MENANGGAL,2025,148,440,588
DUKUH MENANGGAL,2025,124,398,522
KETINTANG,2025,190,658,848
JAMBANGAN,2025,773,2275,3048
JAMBANGAN,2025,164,475,639
KARAH,2025,216,709,925
KEBONSARI,2025,166,441,607
PAGESANGAN,2025,227,650,877
TENGGILIS MEJOYO,2025,863,2623,3486
KUTISARI,2025,268,841,1109
KENDANGSARI,2025,209,698,907
TENGILIS MEJOYO,2025,167,503,670
PANJANG JIWO,2025,219,581,800
GUNUNG ANYAR,2025,807,2490,3297
GUNUNG ANYAR,2025,323,861,1184
RUNGKUT TENGAH,2025,162,551,713
RUNGKUT MENANGGAL,2025,156,648,804
GUNUNG ANYAR TAMBAK,2025,166,430,596
MULYOREJO,2025,1367,3604,4971
MULYOREJO,2025,252,729,981
MANYAR SABRANGAN,2025,267,773,1040
KEJAWAAN PUTIH TAMBAK,2025,107,231,338
KALISARI,2025,280,651,931
DUKUH SUTOREJO,2025,245,656,901
KALIJUDAN,2025,216,564,780
SUKOMANUNGGAL,2025,1385,4521,5906
SUKOMANUNGGAL,2025,161,454,615
TANJUNGSARI,2025,158,502,660
SONOKWIJENAN,2025,119,354,473
PUTAT GEDE,2025,104,292,396
SIMOMULYO,2025,323,1094,1417
SIMOMULYO BARU,2025,520,1825,2345
ASEM ROWO,2025,564,1823,2387
ASEM ROWO,2025,365,1209,1574
GENTING KALIANAK,2025,120,300,420
TAMBAK SARIOSO,2025,79,314,393
BULAK,2025,646,1891,2537
KEDUNG COWEK,2025,68,248,316
KENJERAN,2025,131,268,399
BULAK,2025,326,868,1194
SUKOLILO BARU,2025,121,507,628
PAKAL,2025,786,2252,3038
PAKAL,2025,144,393,537
BABAT JERAWAT,2025,345,949,1294
SUMBER REJO,2025,174,466,640
BENOWO,2025,123,444,567
SAMBIKEREP,2025,894,2563,3457
SAMBIKEREP,2025,272,835,1107
MADE,2025,107,312,419
BERINGIN,2025,76,223,299
LONTAR,2025,439,1193,1632
