Kecamatan,Tahun,Jumlah_perempuan_lulus_sma
Karangpilang,2020,11909
Jambangan,2020,10897
Gayungan,2020,10899
Wonocolo,2020,14852
Tenggilis Mejoyo,2020,10982
Gunung Anyar,2020,13497
Rungkut,2020,25693
Sukolilo,2020,23209
Mulyorejo,2020,18981
Gubeng,2020,24542
Wonokromo,2020,21410
Dukuh Pakis,2020,9630
Wiyung,2020,12928
Lakarsantri,2020,7771
Sambikerep,2020,8941
Tandes,2020,11924
Sukomanunggal,2020,12286
Sawahan,2020,17466
Tegalsari,2020,10435
Genteng,2020,6449
Tambaksari,2020,21294
Kenjeran,2020,9050
Bulak,2020,4390
Simokerto,2020,5565
Semampir,2020,7952
Pabean Cantian,2020,6050
Bubutan,2020,8687
Krembangan,2020,8513
Asemrowo,2020,2938
Benowo,2020,5255
Pakal,2020,6571
Karangpilang,2021,11327
Jambangan,2021,10421
Gayungan,2021,9425
Wonocolo,2021,13333
Tenggilis Mejoyo,2021,10623
Gunung Anyar,2021,13028
Rungkut,2021,24759
Sukolilo,2021,21763
Mulyorejo,2021,17561
Gubeng,2021,23059
Wonokromo,2021,19790
Dukuh Pakis,2021,9254
Wiyung,2021,12842
Lakarsantri,2021,7708
Sambikerep,2021,8681
Tandes,2021,11111
Sukomanunggal,2021,11472
Sawahan,2021,16229
Tegalsari,2021,9262
Genteng,2021,5778
Tambaksari,2021,20081
Kenjeran,2021,9162
Bulak,2021,4235
Simokerto,2021,5267
Semampir,2021,7130
Pabean Cantian,2021,5114
Bubutan,2021,7716
Krembangan,2021,7397
Asemrowo,2021,2575
Benowo,2021,5352
Pakal,2021,6609
Karangpilang,2022,11405
Jambangan,2022,10659
Gayungan,2022,9418
Wonocolo,2022,13278
Tenggilis Mejoyo,2022,10601
Gunung Anyar,2022,13201
Rungkut,2022,24981
Sukolilo,2022,22184
Mulyorejo,2022,17421
Gubeng,2022,22739
Wonokromo,2022,19668
Dukuh Pakis,2022,9264
Wiyung,2022,13079
Lakarsantri,2022,8022
Sambikerep,2022,8810
Tandes,2022,11130
Sukomanunggal,2022,11509
Sawahan,2022,16289
Tegalsari,2022,9238
Genteng,2022,5844
Tambaksari,2022,20338
Kenjeran,2022,9286
Bulak,2022,4270
Simokerto,2022,5315
Semampir,2022,7354
Pabean Cantian,2022,4986
Bubutan,2022,7773
Krembangan,2022,7464
Asemrowo,2022,2664
Benowo,2022,5607
Pakal,2022,6849
Karangpilang,2023,11565
Jambangan,2023,10983
Gayungan,2023,9607
Wonocolo,2023,13313
Tenggilis Mejoyo,2023,10593
Gunung Anyar,2023,13515
Rungkut,2023,25547
Sukolilo,2023,22522
Mulyorejo,2023,17496
Gubeng,2023,22428
Wonokromo,2023,19207
Dukuh Pakis,2023,9225
Wiyung,2023,13198
Lakarsantri,2023,8231
Sambikerep,2023,9160
Tandes,2023,11344
Sukomanunggal,2023,11589
Sawahan,2023,16152
Tegalsari,2023,9118
Genteng,2023,5959
Tambaksari,2023,20786
Kenjeran,2023,9943
Bulak,2023,4334
Simokerto,2023,5368
Semampir,2023,6914
Pabean Cantian,2023,4912
Bubutan,2023,7899
Krembangan,2023,7406
Asemrowo,2023,2697
Benowo,2023,6257
Pakal,2023,7303
Karangpilang,2024,11884
Jambangan,2024,13572
Gayungan,2024,26275
Wonocolo,2024,19609
Tenggilis Mejoyo,2024,9205
Gunung Anyar,2024,16924
Rungkut,2024,6028
Sukolilo,2024,22536
Mulyorejo,2024,23045
Gubeng,2024,21395
Wonokromo,2024,5475
Dukuh Pakis,2024,4956
Wiyung,2024,8027
Lakarsantri,2024,11496
Sambikerep,2024,7594
Tandes,2024,7319
Sukomanunggal,2024,10298
Sawahan,2024,8606
Tegalsari,2024,6880
Genteng,2024,13676
Tambaksari,2024,9352
Kenjeran,2024,9897
Bulak,2024,11478
Simokerto,2024,10754
Semampir,2024,14057
Pabean Cantian,2024,17822
Bubutan,2024,12004
Krembangan,2024,2686
Asemrowo,2024,4500
Benowo,2024,7979
Pakal,2024,9551
Karangpilang,2025,12085
Jambangan,2025,11682
Gayungan,2025,10014
Wonocolo,2025,13664
Tenggilis Mejoyo,2025,10918
Gunung Anyar,2025,14486
Rungkut,2025,27051
Sukolilo,2025,23289
Mulyorejo,2025,18098
Gubeng,2025,22532
Wonokromo,2025,19683
Dukuh Pakis,2025,9517
Wiyung,2025,14107
Lakarsantri,2025,8881
Sambikerep,2025,9980
Tandes,2025,11666
Sukomanunggal,2025,12172
Sawahan,2025,17278
Tegalsari,2025,9115
Genteng,2025,6030
Tambaksari,2025,22171
Kenjeran,2025,9792
Bulak,2025,4643
Simokerto,2025,5325
Semampir,2025,7375
Pabean Cantian,2025,5051
Bubutan,2025,8130
Krembangan,2025,7780
Asemrowo,2025,2773
Benowo,2025,7365
Pakal,2025,8413
